-9.787319445863124301e+00,8.726824980565053735e+00
1.179839103303775971e+01,8.684214582639144808e+00
-9.884793285370502502e+00,1.250818633862456508e+01
1.449949908950829069e+01,1.313876544947266645e+01
2.190210781499215553e+00,1.251201562906047726e-01
-1.026890460484060874e+01,1.292650986789182355e+01
1.164092720113549717e+01,1.261778640378817862e+01
-3.973644069041073479e+00,-1.865760552545396855e+00
2.325327252741002049e+00,-2.526348931164813738e+00
9.751878352829631780e+00,1.270778537117893769e+01
1.686101312203576441e+01,7.165539734841012809e+00
7.613066609708928567e+00,4.332010406730220531e+00
1.244323723874424914e+01,7.649920081217093326e+00
1.027553888756741030e+00,-1.450604447556243182e+00
7.271531637884544708e+00,6.945882943278324007e+00
1.088585110265330158e+01,1.120991749995608622e+01
-1.916507098781813911e-01,2.592123333622425640e+00
2.191028166091012697e+00,-3.576256600794581075e+00
-1.781171193352118598e+00,-4.517226112593975884e+00
8.237141056615616463e+00,1.112859641582498682e+01
9.584531212495324581e+00,8.942643812930736402e+00
1.301301735758056921e+01,6.407194739714880960e+00
3.349067324623176578e+00,-2.575675355821561041e+00
-1.317493488417081160e+01,1.124320092045559427e+01
-1.081192685452665003e+01,1.523203246864546578e+01
6.795352193650145978e-01,7.016939718582166918e-01
7.286512912987236135e+00,1.369349873076871837e+01
8.730605997757610481e+00,1.186906466363040202e+01
-7.064714225681026250e+00,1.059331169409406392e+01
1.857342218250930488e+00,-2.977721341703738034e+00
5.516693158677569819e+00,7.105826696934518516e+00
-1.158952614732288033e+01,1.122737018643398876e+01
-1.643364023475041957e+00,-2.038254814954513439e+00
-1.101533843643361088e+01,1.292739526023315122e+01
-1.601934898702582544e+00,-1.797509600023400766e+00
1.120573525427328043e+01,5.364234192091104525e+00
-9.299622355167281640e+00,1.092796645610458128e+01
9.360339626409587055e+00,1.124531204622075897e+01
6.638407483888191685e+00,8.904948263462060254e+00
5.619594286514391968e+00,-1.504367923956109632e+00
1.182630505424706513e+01,1.431913539038454886e+01
-1.512761389542421142e+01,5.785769395842215168e+00
1.338693709699802881e+01,6.387645835821857077e+00
-1.239194568419231146e+01,2.907570787429122561e+00
-8.332297443311894369e+00,4.413397269714335991e+00
7.637355721416473564e+00,1.208243416344744681e+01
-3.088864548868022197e+00,6.980652130057115601e-01
1.340249217950192850e+01,4.822990296355303741e+00
-9.854516643645755636e+00,7.768645402209791051e+00
1.292523301775649891e+01,1.360315719366230169e+01
9.311879649961177563e+00,1.506859557777442937e+01
1.031427233164103185e+01,1.280769082884064147e+01
4.080189267811388021e+00,4.033874462378339132e+00
-8.102505682489589134e+00,8.219877701758280253e+00
-4.671760491237469282e+00,3.520362046037974757e-01
-5.710545315953448053e+00,-7.308684894924576403e-01
1.822175182699501761e+01,8.128833639185890192e+00
-7.522668186802222934e+00,3.383995330580774397e+00
-1.070777969020172726e+01,8.548183196638120762e+00
-9.999591326494051913e+00,1.106415541860847007e+01
-1.027094824183263810e+00,-1.870459147010969048e+00
-1.333786592442906738e+01,6.152518223382264395e+00
-1.559709361560913088e+01,1.123009532105185038e+01
2.355255138913122881e+00,-2.247433830837650692e+00
-1.050850337747266039e+01,1.103094767008498067e+01
-1.076228943862390608e+01,1.159266937589184820e+01
-3.190082824446801357e+00,1.039615022778068165e-01
-1.299277811520312120e+01,7.971250174847542169e+00
-1.834604390577245336e+00,1.701503031999174742e-01
8.587731800696522200e+00,9.700214060483471457e+00
2.591220233233851644e+00,1.048999566884079027e+00
1.357790725544703569e+01,8.648927913277599799e+00
7.589924581144984472e+00,8.738890642555356081e+00
-1.178577534229143531e+01,1.120860211387936189e+01
7.522096559336707289e-01,-2.440848742411463768e+00
-8.659662865939397491e+00,1.032040978417868793e+01
3.483807789673527111e+00,-7.362509357986745329e+00
1.151928525263860337e+01,1.387551494302853428e+01
-1.764873249672542954e+01,8.714889578302772222e+00
-6.247375453753413410e+00,6.022422017809102357e+00
6.953855080554896539e-02,-2.089958082101599501e+00
-1.141434459823276271e+01,3.990867367604735705e+00
-1.053939438862284916e+00,-2.482497763439591054e+00
1.361821118251731910e+01,7.625387452149654521e+00
-7.450348023761268479e+00,1.026942497303784663e+01
-1.052087165006211578e+01,9.703019631176537985e+00
-1.293903174399066103e+01,7.551799841830642457e+00
-1.212902886203002062e+01,1.296155441983325574e+01
1.182495836826943858e+01,6.361516464793192327e+00
-1.488864720398609975e+01,6.960850905174041259e+00
-7.968112559178866405e+00,5.500577972487810996e+00
-1.273819540739442502e+01,7.313759493533257938e+00
1.191372609880665046e+01,7.259776438728551717e+00
-8.789069005018508296e-01,-3.274127069971324744e+00
8.922004384876194294e+00,1.065192177989208844e+01
1.000000625670146270e+01,7.007461605699906393e+00
1.249777932494669486e+01,1.064219939489375832e+01
-1.172427122750141315e+01,4.395203083410139655e+00
3.920349721328178383e+00,1.647930249888961418e+00
-6.981055406049875955e+00,1.039712353497622566e+01
7.301910261536393776e+00,6.319125493520024506e+00
8.592849870333440165e+00,9.753937420381697976e+00
-8.859615254127769290e+00,1.126381647911387596e+01
-1.410506611431302026e+01,1.421056586449139658e+01
3.628472935859656801e+00,1.130817725098276050e+00
-3.136730090590126308e-01,-1.576947050975600506e+00
-1.712272204548010546e+00,-1.407284462963692140e-01
1.187715164755756003e+00,-2.608553433620993900e+00
8.358586223291264439e-01,-3.269682943639673489e+00
3.780294509541270997e+00,4.245373495719567458e+00
-5.343415262732554183e+00,5.568047310579459008e+00
1.185935326339528828e+01,9.581858137898416672e+00
-2.528057266578136009e+00,1.392626269999792887e+00
-5.033245400107857037e+00,-1.632040227573675395e+00
-4.939206938245936485e+00,-1.321662081221860685e+00
8.385129169242082625e+00,9.792151349419683015e+00
-7.956208325046283392e+00,6.401571052593212130e+00
2.186627528674375931e+00,5.905304192729452950e+00
3.388464965308454424e+00,5.447025991773888798e+00
6.810354036671263600e+00,1.165027316408732005e+01
-8.781047119398866840e+00,1.832764448534557289e+01
-1.220107876141373282e+01,7.079611159573679480e+00
1.283598319978234414e+01,1.656755437692828181e+01
-1.123716136155838718e+01,1.190010839875464299e+01
-7.518690951060252203e+00,4.408814847210435484e-01
1.536412184239150047e+00,3.946154000005667739e-01
-8.501249883015997710e+00,1.410985272398093215e+01
-1.134538312032964669e+01,1.224939666050467935e+01
-1.199534882831790128e+01,4.436723877411977490e+00
-1.144701923563923884e+01,1.277766021140399744e+01
6.407707695945859427e+00,7.645454012500089824e+00
-4.852872075055485901e+00,1.054857767479029107e+01
-1.254468677197601423e+01,1.230461987726210538e+01
-1.291876333454450521e+00,2.845275761755388544e+00
-7.918131423539941371e-01,-3.573125670847049129e+00
8.025569729750749559e+00,6.105082506826757793e-01
-1.148167727041708019e+01,1.022053076441205022e+01
-4.275432312619032338e+00,-2.346719797539458696e+00
-8.293561385623357651e+00,9.731613742055964522e+00
-7.555807033210797385e+00,1.483325018397840900e+01
1.713914604465379909e+01,8.563687053956897444e+00
1.205135234105587827e+01,1.043981725451650533e+01
-7.534350925369617258e-01,4.779331881500920254e+00
8.504073042127146209e+00,9.013970029040221377e+00
8.480692590026608357e+00,1.433827173889204332e+01
-6.761097816553655271e+00,1.473867600868359595e+01
-1.554933886813376276e+01,1.398327084748829563e+01
2.030580351159620545e+00,9.562508059699021956e+00
-1.180260373007281416e+01,9.105650906997880156e+00
1.168859514865484073e+01,4.089054365835864679e+00
1.075443481651690369e+01,1.237304146671268867e+01
1.034296454102472929e+01,1.249187865424899968e+01
-9.443187766928552662e+00,3.595019155916034492e+00
5.917560591079876531e+00,9.056866711758031485e+00
-1.251138605392947190e+00,-6.291739104400877025e+00
-3.101729620984181035e-01,4.154805031193151699e+00
6.336980169901676341e+00,1.062073296850257620e+01
-1.219292085252035562e+01,1.056059197597441113e+01
1.194460500985950269e+01,1.399318271923425705e+01
-1.117900319012661292e+01,7.667569704683590004e+00
-1.069356930837874486e+01,1.393127514664918110e+01
8.863037249877729451e+00,1.006932054110460051e+01
1.704157210717439641e+00,-1.555011460781339228e-01
5.792275912689536455e+00,5.179630339047619714e+00
1.051631415594337149e+01,1.031165365941664014e+01
-1.435854043826509852e+01,1.202840460116666677e+01
-1.544273558060229368e+00,-1.555988681208808844e+00
-8.402749471438507811e+00,1.111076059944425687e+01
-1.110865756471977228e+01,7.852744163673190947e+00
8.668701270889624055e+00,1.025592540705668299e+01
-9.243431430518281644e+00,1.029020833128682710e+01
1.523940441356691622e+01,5.047512681709674709e+00
1.618313739231548709e+01,5.315853039783053902e+00
-5.428474963998245251e+00,8.876572828972662421e+00
-1.352213516519422321e+01,8.566338352726774019e+00
5.632982657497651591e-01,-1.897623794902795424e+00
1.316758038324179125e+01,1.358377521608193739e+01
-4.293708665747770326e+00,3.452951024970379645e+00
9.673363747633732856e+00,1.670428490315128300e+01
-1.176730131509312116e+01,1.186786767809923049e+01
1.478924480272705733e+00,-6.289631660835065530e-01
2.188378808811697329e+00,2.485681215183830783e+00
1.292508056155732632e+01,1.269493592849449826e+01
-9.075138906944104633e-01,2.590436063008211498e+00
-7.449930258192978272e+00,1.034682431304686467e+01
-2.003185242355999485e+00,-7.387320144509001985e+00
2.752105945528991349e+00,7.064242175105343691e+00
-1.065340874624917333e+01,1.080041334727671654e+01
-6.354131243222940206e-01,-4.396505206663688270e+00
1.139912166549019190e+01,8.571694717247206441e+00
-7.658235580754095828e+00,8.486583851598979322e+00
-6.682086725781729797e+00,6.194969280426270153e-01
-1.354400608672126793e+01,5.541713203732589577e+00
-6.298362039128317491e+00,1.065903601523729449e+01
-1.442567286074456057e+00,2.463028563818910666e+00
-9.242204852145167848e+00,9.205091594961279711e+00
-4.870976170251896775e+00,1.067988381581133339e+01
4.121680688219737654e+00,1.175857893451914826e+01
-2.308797146891174101e+00,5.763590373799081235e-01
-1.209406008188394388e+01,1.013869823217112831e+01
-1.227450030896583444e+00,6.604973734645781525e-01
-5.677752986868247476e+00,1.745343284291568153e+01
3.211862403749021766e+00,5.650501297875673679e+00
-9.941040580704367358e+00,7.131328430481454816e+00
-7.281761817517043434e-02,2.266127959875236186e+00
-1.001086770045971974e+01,2.875156198749554193e+00
-3.670302831689062018e+00,1.212328087637457941e+01
-7.878202759539671973e+00,1.335405293291201723e+01
-7.756573491181254276e+00,1.557863201061781000e+00
-1.233012690244956744e+01,1.313583394058914067e+01
-1.079743390400213165e+01,4.742644398373787595e+00
8.445160000050890403e+00,1.190580891611007353e+01
9.405254131194631384e+00,1.398280249073049575e+01
-3.241694263984764568e+00,3.068790435829973212e-02
-4.239690496540469589e+00,5.572374866701439444e+00
-9.731107033547962359e+00,6.543917393744777655e+00
4.988887832209532469e+00,9.107261332414413602e+00
-1.059965153972502172e+01,6.128835256907970930e+00
9.437758614232933496e+00,1.110294356127986148e+01
1.083273430227964518e+01,-1.826390065026988196e-01
-3.593287141510858262e+00,-1.157657649516157239e+00
-3.333357367305768371e+00,2.267833410033375796e-01
1.312599270980143906e+01,1.268745947283051478e+01
-3.256100336631075010e+00,5.470134703965641165e+00
-1.484197354386918377e+01,1.170683703501541117e+01
9.460542905786176959e+00,1.098828856825920930e+01
1.096052972518674196e+01,8.918650978135667984e+00
3.515388313984060265e+00,-1.885742367997739866e+00
1.960847963859753795e+00,-2.237438392423654498e+00
-1.100754303812524881e+01,8.924278181342762295e+00
-7.261602024944441069e+00,1.375543240416262414e+01
-3.654583065452747359e+00,1.427893158483286129e+00
5.124531213000357299e-01,-2.127761706479530002e+00
-9.858981613962919610e+00,5.264198447094597277e+00
-3.917582998331105237e+00,3.693262131703777484e+00
-9.829588967348447781e+00,1.037519193632030401e+01
-1.151121677441666336e+01,1.217580295039875793e+01
1.263546415941385170e+01,9.450491472861491715e+00
-4.650463415992425631e+00,1.534936565450590074e+01
-5.804658775876196941e+00,-3.044121588026797554e+00
7.688873127044836053e+00,3.700644172742890259e+00
-1.084139831356710459e+01,6.158807737216529965e+00
8.370416194887948080e+00,1.542284266354122124e+01
-1.195851012450659212e+01,1.249649133659879929e+01
3.414408577596391048e+00,9.076262346643118040e-01
-2.139717742864241101e-01,-1.363127266536518778e-01
-8.807667360516727939e+00,8.362791608193836268e+00
7.233189018885735067e-01,-2.857528593008971995e+00
5.543308138690592912e+00,7.857649877912692205e+00
-3.990737731857030290e-01,-5.207081847094550964e-02
-9.233251147526903679e+00,1.013007994273755763e+01
-2.386089656666103398e+00,-3.034605590199383585e+00
1.391288687616065900e+01,1.074694473638800574e+01
1.037735304001360070e+01,4.094662087770453596e+00
-6.777376345753332920e+00,1.172355075916623512e+01
-1.104082178982900864e+01,1.134536610056678185e+01
-2.233086718022748496e+00,-8.835522696973903134e-01
1.150152144637092455e+01,8.200422097101949248e+00
1.614485897443512785e+00,2.436356009316760662e+00
-5.426780831328648080e-01,-1.914292869307951062e+00
3.883437225696116712e+00,6.726406860112819075e+00
6.681378225258297832e+00,1.039773735523076326e+01
1.021791121925433110e+01,8.619219228499112262e+00
-7.854257106023489143e+00,8.156030754527016313e+00
1.497157047448820721e+00,-3.279509714720811431e+00
7.163039222186513566e-01,6.373288266850158923e-01
-1.274667103754226005e+01,1.212726886314407437e+01
1.094352613408000430e+01,1.134442554197914887e+01
4.166059302434972800e+00,3.936284260115023415e+00
-4.147366795796399330e+00,1.052467104216315619e+01
1.956731078817422365e+00,1.860900810401391325e-01
-8.127155095827220066e+00,1.051446908818393666e+01
-5.514203303273850665e+00,-2.816305893360384616e+00
-6.104621766770849334e+00,5.038063168525964919e+00
-9.367209744063318411e+00,9.883733237785381931e+00
1.290646388465729899e+01,6.237535771703187848e+00
9.295283365538574927e+00,6.809613668993558910e+00
-3.783389512209868855e+00,-2.489676027523428647e-01
-1.399693660859200506e+01,6.940312202015637588e+00
1.045257714360541534e+01,1.014702925826017044e+01
1.646173542253344380e+01,5.467160188461652304e+00
1.160689625221820442e+01,1.318150720106051210e+01
1.306591367134470616e+01,1.506574247988914905e+01
-1.199094291077554075e+01,9.021802845685598982e+00
1.329056306580957347e+01,7.431263517800559271e+00
-1.005767740949526967e+01,9.583735987018169311e+00
-8.332892101064469870e+00,7.252895618789638732e+00
-6.047917211702560358e-01,7.240118367915018283e-01
6.084643025563338803e+00,-3.832072810399425045e-01
7.116928468363791893e+00,1.215749020469384689e+01
-1.306944542967911183e+00,-3.548607802712025361e+00
-7.554357727851231108e-02,6.841922956881054674e-01
9.967200895490952561e+00,9.866337004885332718e+00
-1.036722595887497533e+01,6.504150129353743814e+00
3.958144289455588216e-02,-1.455630157056775786e+00
-6.631942162335820790e+00,9.484663357816877749e+00
1.079569807761132694e+01,5.558829812988490993e+00
-4.354449914931599608e-01,3.652816738281595477e+00
-8.336455309414649406e+00,8.320506312694064377e+00
1.351787888078045397e+00,4.852356085521785545e+00
-7.411283182529450286e+00,9.283636151508598999e+00
1.379700296182896402e+01,1.427322829101177604e+01
3.583743710135168570e+00,-1.201040670447158121e+00
1.080642197285747308e+01,1.030347243253198286e+01
4.836901853681911057e+00,-3.882585348663712743e+00
-1.053918033836530910e+01,7.643935757494109140e+00
-1.609164315856994065e+01,6.249626170490602206e+00
-5.123084573366082140e+00,1.227488285143218061e+00
-1.696881633460586958e+00,-6.300949627090079996e-01
3.712242756040131653e-01,-2.632920616720901386e+00
-9.587536191491238924e+00,1.332405847994654735e+01
2.624751704419983955e+00,-2.426284462774393358e+00
7.805125689652951060e+00,1.024469151216899476e+01
4.966308537874550844e-01,-4.755491679212714984e-01
2.000964169060404974e+00,7.743924319882146412e-02
1.021330878881000714e+01,9.034960829307898678e+00
-3.680650965423468257e+00,7.609047748317124826e-01
-1.418042966754513134e+00,3.511358452932141772e-01
-1.219545651028245814e+01,1.188960623867814625e+01
2.435850474690385514e+00,1.591196575568396332e+00
-1.829297258271196824e+01,8.112161409745407781e+00
7.661507523036676481e+00,1.311885474123304540e+01
8.641425969421298703e+00,4.170742151613546334e+00
9.332265873334566475e-01,-2.852610534498865591e-01
3.122657918969632185e+00,-2.821042039666062928e-01
-8.161636670521140502e+00,1.181234168502314752e+01
-1.197053052179826871e+01,9.935740373686600790e+00
1.373334701245674694e+01,1.014336422508309354e+01
6.425684603486697677e-01,-3.731317821428515646e+00
3.716757384386937701e+00,5.187511840771772409e-01
9.779145042247813890e+00,6.755160343242566867e+00
1.542805649172501958e+01,8.376151938355494764e+00
8.759848214770819652e+00,8.369052833558468407e+00
-1.090281343471220943e+01,1.067450621274807254e+01
3.196268387746638240e+00,-1.816690813227690882e+00
-1.050999716466576750e+01,4.443646018594556324e+00
-1.178428454305495521e+01,1.043054442935257775e+01
-4.129247703173275497e+00,1.009248590936463685e+01
-2.894185780418544685e+00,2.258336372347435894e-01
1.718849260959089964e+00,-1.958812872866449561e+00
-1.144421745616233466e+01,7.326544175445151019e+00
-1.799778987205395975e+00,2.940602385266195995e+00
-1.263790353394478316e+01,2.067836753719859644e+00
1.034250615838437071e+01,9.322017650041408032e+00
-1.535117623485105387e+00,-1.294685713553564765e+00
7.487147955471085581e+00,1.103735360845863589e+01
-3.032787401433018060e-01,-1.692118882653278700e+00
8.864106408622159705e+00,1.087070398010707528e+01
-1.436680913719912311e+01,8.909097840596633233e+00
8.341085347213091694e+00,9.772307869200268726e+00
-8.979934807714883505e+00,1.253095580120349695e+01
-1.569084707270842216e+01,5.384525891810035603e+00
1.713794357781571875e+01,1.172813154299055505e+01
1.698571002085952131e+00,-4.134133920195634637e+00
7.476855915181123358e+00,9.421712171033361116e+00
-1.411661066490263927e+01,1.057107845792056366e+01
-8.540832698523863620e-01,-1.988053542692393094e+00
-9.696444343369527985e+00,1.196630549904481100e+01
-2.655138156245982484e-01,4.294499520949769611e+00
-1.031583911550139376e+01,1.376289902743148019e+01
-1.172363477845070889e+01,8.610380969465373013e+00
7.811549932972390309e+00,1.331188295614197870e+01
-1.118137213550384601e+01,6.108080215951506631e+00
-9.542146632578024423e+00,1.204379784515498741e+01
2.029209465533977852e+00,-6.767659832892555016e+00
-9.407581409849384846e-01,-1.217296556170363864e-01
1.239870819281417447e+01,1.059490572183226931e+01
-3.130350005240176259e+00,-3.029825629763539752e+00
-6.461100326147568573e+00,1.042665925056258125e+01
-6.648204002309729965e+00,1.663434354240997948e+01
7.270805809979709267e+00,1.001811110686702300e+01
-9.284387506006417823e+00,1.095032111324359825e+01
1.062605466195300785e+01,1.202079243266311259e+01
-6.430125126854408180e+00,1.536617923081277759e+00
2.803507566777651006e-01,5.379009160125884037e+00
1.257309173227095656e+01,1.034635463666316646e+01
-7.243433781706323238e+00,1.369714699572574190e+01
-1.332390586446410907e+01,8.109450722377976817e+00
-5.145040226473327927e+00,7.506586900388174222e+00
3.020960118207323575e+00,2.395048241810424638e+00
-2.332858239575453574e+00,2.845901467484829084e+00
-1.205523875215615881e+00,2.865468259756513092e+00
1.040716595376401443e+01,1.028197227515414447e+01
1.283717537501993453e-02,2.408669321659657303e+00
-1.081280184112353160e-01,-1.203748631089850862e+00
-1.160953208728251340e+01,1.410729364014838438e+01
-1.746691354591870393e+01,1.464613117971245515e+01
-6.002228066855420430e+00,7.144268576658305392e+00
-2.434745814728528579e+00,6.333935978350314633e-01
-1.014580842819036555e+01,1.252803293908394089e+01
1.202776742013734790e+01,5.643119985193990829e+00
9.183908672504108139e+00,9.639276466816433242e+00
-2.886096044110768588e+00,-7.782177605728275438e-01
-5.178033103028337969e+00,7.901480029525291826e+00
-8.619944429796808194e+00,1.043322344833421234e+01
1.174144808467794476e+01,1.111700986103241995e+01
9.414262540106557609e+00,3.033454726547433644e+00
-1.367490942570466572e+01,7.592959373899361708e+00
-1.121968790014211947e+01,1.239306144059633752e+01
-1.085522809804599476e+01,1.204242796350624189e+01
-1.108246251506669999e+01,1.517700341833033661e+01
1.334164782398325322e+01,9.487927648247351797e+00
8.586127379489843392e+00,1.065390261579894471e+01
9.822987912875573713e+00,1.027166529248603766e+01
9.051733270556011846e+00,9.229679456623726352e+00
9.726920407857017281e+00,1.155828646894571676e+01
1.165900922254484273e+00,2.302289582747791830e+00
-4.088002689559093739e-01,3.801744625668519006e+00
7.890400812585934176e+00,1.150035528457430267e+01
1.021150395433280877e+01,1.368249372880599957e+01
9.920444094575467275e+00,1.001824078897702641e+01
-9.647237775761769996e+00,1.197556859403345975e+01
1.099735704631174116e+01,1.563337648720555428e+01
-7.271500743278831891e+00,1.100977756180836842e+01
1.081225617251133464e+01,1.546147475186016962e+01
3.841274717993561794e+00,8.430625268217600166e+00
-1.796962922286666320e+00,3.175925488898538873e+00
-1.248739033667037290e+01,1.423322983810686537e+01
-7.966888545579464687e-02,1.869657828770955765e+00
-1.680937592528316982e+00,-2.309980157844650606e+00
2.426237345459181682e+00,1.323744455301528689e+01
1.401431054393256881e+00,2.217444714805406392e+00
4.680386202716236288e-01,-9.137927536863525990e-01
-5.540972228680741907e+00,-1.265083413454337169e+00
1.612204809865999167e+01,1.283203443932850973e+01
8.648713894269295821e+00,7.259261842992315472e+00
-1.501911042304701382e+01,7.257039461079692444e+00
-2.468816034829875772e+00,-4.794327331516695878e+00
-1.135812472082361957e+01,1.207868978283083905e+01
-1.062998942240610667e+01,1.454164690273254834e+01
8.199096414218868256e-01,-3.170332122869777280e-01
1.232581236623935439e+01,1.170977038591607133e+01
-1.092581410983316559e+01,7.416668902422053122e+00
1.098547985014397632e+01,8.508448978178645206e+00
8.385228769273199489e+00,8.499389444306789443e+00
-1.298613784787263370e+01,1.325270251284944933e+01
-1.002779948017274414e+01,4.126615313952965103e+00
9.285984855914346525e+00,1.479063672770031523e+01
1.193406998982770695e+01,1.472198910421179008e+01
-1.219101679309280151e+01,1.181501796949227945e+01
-1.465704933228477991e+01,1.064971282497760896e+01
-9.538201739509529986e+00,1.378808516391405092e+01
-7.082565971068742527e+00,1.759842141895083856e+01
-1.057100614488143009e+01,1.100640748595633944e+01
-6.380719351802515149e+00,6.680583484339411626e+00
1.080271894914565323e+01,9.470964009342504042e+00
7.912195881088185168e+00,9.540908294161560832e+00
-7.041201691346645752e-01,9.463674079085893087e-01
-1.393403401582219914e+01,1.260469031106760696e+01
-7.932524188778329766e+00,7.474980559697117499e+00
-7.167698624369203131e-01,-1.612198424339946978e+00
3.942489151995158814e-01,4.809702332947091818e+00
-7.700102130109598875e+00,1.426169729870168723e+01
-2.034093832832278181e+00,-1.480507859813542826e+00
7.470481630572877174e-01,3.011576604444984095e+00
1.549467981681898721e+01,1.188384197849856250e+01
1.000824257241255388e+01,1.209316061787507834e+01
-9.035409109862417409e+00,1.087567570652064575e+01
-4.840391604150018900e-01,3.577212992042475115e+00
-1.538722908795218736e+01,1.395537469458623825e+01
-1.030923185740510917e+01,1.326832210542576895e+01
1.495610548916581628e+01,1.323967316950042061e+01
9.068986959966366612e+00,4.973410710801120516e+00
1.165752678246478702e+01,1.418383868907800149e+01
-1.186093661767321805e+01,1.239876159772148867e+01
1.282706587550568855e+01,9.672237279139650923e+00
-1.153689435847842937e+01,4.627996533154522751e+00
3.831967929497399616e+00,1.304392880543952593e+01
-1.447678435959147025e+00,3.733831440723120121e+00
2.980439747648547133e+00,1.286713101921417968e+00
-8.783467214925140709e+00,1.011405888080244964e+01
7.845582866893630936e+00,1.298284066773489975e+01
-3.551069914544066286e+00,-1.907414682925500538e+00
1.268453911279519275e+01,9.533522781424231596e+00
1.686615636466998414e+00,-3.651371167166742815e+00
9.589529810248052399e+00,5.487501869336218974e+00
1.261867980512303200e+00,1.234858922715988516e+00
-1.229236618763232691e+01,9.925741130270605339e+00
-1.195319056982511660e-02,2.273744610807546529e+00
-1.196319847395460023e+01,4.552813726091540225e+00
-3.291517241773185276e-01,4.706547433085752630e+00
5.751021806149777760e+00,6.926194901820179162e+00
3.633399035956500711e+00,8.659138639151606198e-02
-7.045231939853092484e+00,1.601714830108506238e+00
-3.715326466342911083e+00,-2.331563524943296883e+00
-1.489290037924875065e+01,1.175573065578841181e+01
2.467133032802964199e-01,-2.326933696793211936e+00
1.091439185653312549e+01,7.219918533119916049e+00
8.200297342440313386e+00,1.211792640404443588e+01
-9.063029465414265573e+00,1.298566760256055375e+01
1.313489041309046534e+00,3.983362868934523959e+00
-1.317715111564129238e+01,6.601925055853389956e+00
1.015353986134965503e+01,8.589078429350761823e+00
-4.248116763020120423e+00,-9.367998922242787296e-01
-3.962415883437056863e+00,-1.746661747850688950e+00
1.319389007995207130e+01,1.436424179643926990e+01
9.668145610479152996e-01,1.810288025114643595e-01
-5.306566052135537781e+00,-4.331493994654259438e+00
7.033660469127475778e+00,8.921402462424222080e+00
9.473133328069478054e+00,1.102978497558735960e+01
-8.520587061415868746e+00,9.918343387428505409e+00
-1.120934467872563545e+01,1.475263133847060892e+01
7.120389205511747477e+00,9.834704498810177498e+00
2.619176216863213114e+00,-4.892885598779685097e+00
-1.262531859841415027e+00,-1.655965694623119600e+00
-1.316865688002896606e+00,1.641619097200904154e+00
-1.407290360971649790e+01,1.199090060236498445e+01
9.761520460533516186e+00,9.366009975543560628e+00
-1.355364799912705109e+01,4.824730914238640977e+00
-2.056151988710142042e+00,-2.007057300419477830e+00
1.255006413996711423e+01,1.262682118495335004e+01
-8.667091239400869895e+00,1.645722884078008263e+01
2.384914487139566219e+00,1.437009468055425870e-02
1.022153505138018126e+01,1.123651530430748835e+01
-1.141274033605631288e+01,7.402706957097962004e+00
4.245959943353256882e+00,1.373132939347981196e+00
-6.307353471886152363e+00,8.886281582884240748e+00
-1.042376973065590073e+00,2.010420488691454288e+00
-3.517368384689936178e+00,4.089740463891025968e+00
1.087123975043962965e+01,9.167656282101525278e+00
-1.024902922752117362e+01,6.640268179245850000e+00
7.882275948887676797e+00,1.027781109643287927e+01
1.168705115298400432e-01,1.169788840736516011e+00
-1.444461028622463772e+01,1.154794379527811365e+01
-7.220731723742408903e+00,8.080240010800681105e+00
1.087978895326295792e+01,6.440172976665379245e+00
8.857333813906899389e-02,-2.790780779115079824e+00
-5.572697369913516496e+00,-5.956528383157673190e-01
2.659152874466818250e+00,-7.211393201343743176e-01
6.204423324492660541e+00,7.927222850666912457e+00
1.298775185456039516e+01,9.525994764552436322e+00
-4.208474190827032224e+00,1.691384944590290118e+01
-3.318880221851536305e+00,1.575136845662290952e+00
-5.295413195861000233e+00,9.054277579192170355e-01
1.064375532870536745e+01,1.330269731403330624e+01
4.081454467127158203e+00,-4.709527623735070279e+00
9.067843055236824767e+00,8.699421597527964067e+00
-9.077247770997725951e+00,8.639182648986139412e+00
1.298726234212320563e+01,1.076984910952647212e+01
9.250964360736780634e+00,6.466558637592557446e+00
-1.673516637750616654e-01,-2.976188903412349429e+00
-1.459311072983072854e+01,1.258214372369025469e+01
1.256443284176935959e+00,-1.670599093852323858e+00
5.695670737705578190e-01,-6.961973055782626485e-01
-1.006073194969892270e+01,1.203898228819967642e+01
-9.446021352548918060e+00,1.170994471897651756e+01
-1.254711912610456537e+01,9.255695020732510159e+00
1.380449564313164501e+01,1.133879592886259324e+01
-4.630948644188626062e+00,-6.638145226370679719e-01
-3.847977251418054578e+00,1.395046306800490576e+00
-1.085071869475950379e+01,1.571152387710765730e+01
1.107757177147445837e+01,7.522138571282159347e+00
1.962182055722138108e-01,3.673292014279985196e+00
8.355956196888197240e+00,8.465387359209586293e+00
-7.738861005640957025e+00,1.059940045935426411e+01
1.499162205008971327e+01,7.641599296434161026e+00
-3.117641766004796366e+00,1.120896274048729779e+01
1.313677439396983893e+00,2.991698336826260074e-01
8.471785458300374216e+00,1.190036911024541588e+01
-1.427838916260605728e+01,7.710056170987854784e+00
-1.525588488989920144e+01,1.042847594754146101e+01
1.110798724096740564e+01,1.225814804940457670e+01
5.195727670072499471e+00,7.009526337836918586e+00
-7.891717755869731565e-01,-5.225922619482588516e+00
1.299438898571873402e+01,1.442381080907434843e+01
8.504748069608716321e+00,1.395840483986015457e+01
8.873342689909057057e+00,1.181712655121863520e+01
1.099893685189578285e+01,4.609640063085513439e+00
2.110870890368311326e+00,-8.044264174067952133e-01
-1.105541870122443093e+01,9.655910735544175338e+00
1.124132204315769812e+01,9.224301698322509679e+00
2.207898709857101238e+00,-1.004796863339294299e+00
3.528015960812326490e+00,9.958797891735340357e+00
9.746803550812476402e+00,8.923918697783149057e+00
-9.884645014111848482e+00,1.358446295401352089e+01
-1.163652930751859671e+01,7.000252300465068522e+00
7.441325921866598136e+00,4.108653097813830257e+00
-6.690887110516642089e+00,9.495366841487760112e+00
2.105015383942538953e+00,-3.153244691721353465e+00
-5.169759185241913357e+00,1.383777607809122845e+00
1.466747946330783492e+01,9.832583527674140456e+00
1.063533398959685883e+01,8.037306278582992292e+00
-3.119653893897290642e-01,-2.492378584500193117e+00
-2.129871913592385479e-01,-2.980863015022878315e+00
3.474926312103919224e-01,1.995285649410166506e+00
-2.616766928006318160e+00,-3.787533046601222253e+00
1.014955134905444467e+01,1.276482313956568682e+01
6.545503748122174059e+00,4.144167523870131653e+00
8.147384279581658006e+00,7.697272147441147183e+00
1.337445753243349067e+01,1.286214418937441373e+01
1.406430302771382301e+01,7.858058423579072027e+00
-1.774477370504104368e+00,4.673468081223980386e-01
1.609382020208383057e+00,-5.208844944497745821e-01
3.268449847008410014e-01,6.866216942848412330e+00
1.189356625705622506e+00,1.459161446452779565e+00
-3.288334864615060082e-01,1.893567856079619194e+00
1.127536082677130302e+01,6.704282307762774451e+00
-1.000011321955845744e+01,1.173388611183611197e+01
2.702818308051165297e-01,-2.818337435995106888e-01
-7.554429396450152545e+00,1.163839849086457612e+01
-1.020598562909085949e+01,1.032814905591798826e+01
-4.016004855521445371e+00,-1.690698759241485716e+00
-4.251464632638356500e-01,-1.574762559673987594e+00
-1.290327770869193458e+01,3.649441692432245254e+00
-1.169364202487430049e+01,1.212851536230358462e+01
1.006604081751286373e+01,1.013081001948969728e+01
-1.874761483787918293e+00,-2.250750825121520027e+00
-9.531559904015829421e-01,5.443696648265963223e-01
-7.503150883017143613e+00,5.791501273930310667e+00
-1.847308218799484369e-01,-1.882481143313240235e+00
-7.761147459177442087e-01,-2.817058814412082945e+00
-1.680498450714384973e+01,1.104910711878136631e+01
-5.374306715363620590e+00,1.121853269721439084e+01
2.622859900299946201e+00,6.728369301363998467e+00
6.222950780368679879e+00,9.563567170297913478e+00
6.415075307933752136e+00,2.356151330548188483e+00
-1.107731555387166367e+01,7.530841161218238433e+00
1.132809599502382802e+00,9.662416158253814835e-01
8.266494403115116185e+00,8.135477351163373783e+00
1.016777978180737918e+01,8.633679800380733127e+00
1.955984516583496813e+00,1.706580653219938570e+00
-9.666269814181703168e+00,1.412311883121466849e+01
-1.517579573699157436e+01,1.750187815332325414e+01
9.432224311990381693e+00,1.004511591838423357e+01
8.576774341206570895e+00,1.022168814602624742e+01
1.408700479943920669e+01,8.288130509638948595e+00
1.588120309116571605e+01,7.808981540537262234e+00
-7.974398191379571621e+00,1.327576162453428132e+01
-1.643716544667738422e+00,4.148963842018062349e-03
-1.043153401793969692e+01,6.672646582403359616e+00
9.224112408113446904e+00,1.051334862903720690e+01
-2.364454319315259401e+00,-5.089230493140653455e-02
1.537463343426152917e+01,1.011384014094426043e+01
3.788905536829280329e+00,1.880638152635502269e+00
1.117106338135208610e+01,1.096526234781101472e+01
6.603083862958383676e+00,1.144512406168888674e+01
3.742077610221520523e+00,1.329864412773847349e+01
-2.554606918525172077e+00,-1.393491635917426807e-01
-7.320401878842564436e+00,1.065100539565709248e+01
-6.528384593758246979e+00,9.235025289153266925e+00
-1.016295169800502940e+01,1.185823121107558187e+01
-2.306297953442934645e+00,5.674528665717468723e-01
-9.214063590649310242e+00,1.131809310993860684e+01
1.376727292966360849e+01,8.168948075559802291e+00
1.014606322787888182e+01,1.517861912319140849e+01
2.430902187424937022e+00,-2.530585924605827763e+00
9.534367115164938511e+00,1.064579471495667384e+01
-1.749690248511229340e+00,-3.869613923525875077e+00
9.150859828701847221e+00,1.232098979206291389e+01
9.048279718291333040e+00,6.183190500660465716e+00
-1.506031109651135758e+01,9.318964830667415100e+00
8.881176359532542364e+00,1.319113474742077585e+01
-9.308236225513043749e+00,8.376062131146012391e+00
-7.276483005480708144e+00,8.093747233172047473e+00
8.271282896514840388e+00,1.983219976515428939e+01
-9.002638317024880266e+00,8.574396390871886098e+00
1.323454521220198687e+00,-2.452317980597324532e+00
-2.996540224566137667e-01,6.016867830027077702e+00
2.762987507262063769e+00,5.799269502434293955e+00
-3.632926438369573074e-01,5.704240770899723367e-01
6.659135082819929607e+00,8.841657448972640054e+00
1.065761822265552361e+01,7.624454090401960649e+00
-7.213239742612344019e-01,1.733652072782347675e+00
-3.467906435151699718e+00,-2.450811942380905162e+00
-1.353295200898444151e+01,1.193613985660421228e+01
-1.032904093945336221e+01,1.383567619044493213e+01
1.108828148510717426e+01,1.085984486164332630e+01
5.071760095304933103e+00,2.461887626246051397e+00
3.229155381110550671e+00,-6.180821517447652180e-01
1.447816921677922863e+01,9.636081438423904189e+00
-1.056200762368153256e+01,1.158730867813305565e+01
-6.921689261619180300e+00,9.207852305441543095e+00
-1.295863205562393006e+01,8.591945238397789453e+00
-4.835758161780660203e+00,5.570266419536537228e+00
2.254391605150676714e+00,-2.681766888825936945e+00
-5.371067854151740928e-01,3.033176484343888646e+00
6.738078803416963858e+00,7.609076028771411870e+00
6.386137632351704951e+00,1.265021735417515814e+01
-7.698174820159614740e+00,1.821226499300199464e+01
-1.262873402862920003e+01,1.204895974109021672e+01
1.321585607907012516e+01,1.115532017255177166e+01
-1.577303670483293985e+01,1.312368291767732309e+01
-1.237866060944783086e+01,1.051299759950109447e+01
-4.245196950138335978e+00,1.121427034313722260e+01
5.848590766183356493e+00,5.396982997370217916e+00
-1.130485788436878636e+01,3.563820643052427073e+00
1.012204212011188176e+01,7.928765746119928792e+00
4.127920698858358328e+00,1.590707429745179535e-01
1.035068352182956986e+01,7.547117706361984091e+00
1.001006895916077610e+01,6.903607347723964338e+00
-8.354113081310339695e+00,4.577299464892258030e+00
8.456372860188388074e+00,1.023022350369997646e+01
-3.998590480076722464e+00,4.912173663427394033e+00
-1.523680682214813942e+01,5.890308250400303258e+00
-8.188829684245144236e+00,1.287200954076932646e+01
1.147386722265917669e+01,5.335223026597230245e+00
-5.952818429100128483e+00,1.403755730532472867e+01
8.859921448401522071e+00,1.042758104325532820e+01
7.848876938325288322e+00,1.081360739581446495e+01
-4.925896150780770810e+00,6.806404435156811594e+00
4.444407710632139796e+00,1.148098964683529122e+00
1.333787360812668865e+01,8.241773615876518022e+00
-2.684770685940648244e-02,1.874821447092567817e-01
-1.380792828595225075e+01,6.306295852045507466e+00
1.044613923448908244e+00,-6.000069342802930583e-01
-1.843928193832047091e+00,4.953309634620052471e+00
-8.104281657050089294e+00,9.427470132052247820e+00
-6.766716289732192635e+00,1.164457506806670573e+01
-1.617162031244582021e+00,-1.396563215006692449e+00
-8.170881494191176486e+00,9.438395025388246040e+00
-3.805026954688922380e+00,1.235970941922291644e+01
1.179708519215734164e+01,1.225086088854697408e+01
-9.381041123600939002e+00,6.987251919149705337e+00
1.141040819921066785e+01,1.003153830560662207e+01
-6.086504599363464774e-01,6.416576992255974554e-01
8.182995357144450921e+00,1.159484398705243180e+01
-1.344312645945994511e+01,1.028859123051500113e+01
-1.581540047914698199e+01,8.761234879976298018e+00
1.423624757991932555e+01,7.562837513512198129e+00
-8.774751324727331436e+00,8.074014740486985531e+00
4.026677214044291353e-02,2.807834681236910157e+00
-1.006385900561224567e+01,5.382925178541185574e+00
1.349018277039596470e+01,1.613315688415691085e+01
-1.214863960376279195e+01,7.327974389866027671e+00
-6.555827981919593039e-01,-1.193900894381408673e+00
1.045850574708243386e+01,1.296696335214172180e+01
-7.148750391186940334e+00,6.701454880489922772e+00
-5.701593552192645298e-01,2.438710250389005685e-01
1.575608510634229020e+01,1.227796769099915508e+01
-1.700786606268745782e+00,-5.013648864446891729e+00
-2.248644046594828083e+00,-9.694889991388280226e-01
-1.106646244120024036e+01,7.584075981285432810e+00
-2.581841643101527417e+00,-7.758960351307078174e-01
7.814588943404829902e-01,-1.758340029416470163e+00
-8.756746575257569276e+00,5.693330656784987731e+00
-3.783181060272324814e-01,1.101944603488133945e+00
1.114136984391538832e+01,1.531508411806667169e+01
1.006450428902909522e+01,9.444192332779916654e+00
1.293183821539671641e+01,8.330239741967305989e+00
3.931527630042919164e+00,-4.996344499136534445e+00
1.846449647530904059e+01,1.122456546796109400e+01
1.171405440013553623e+01,1.273226969000269193e+01
5.360483671785322812e+00,1.063042510398077312e+01
-1.058909054248616322e+01,7.778384890292155518e+00
-7.186462042511831960e+00,5.964839313972223778e+00
1.113585081684601619e+01,1.088976419818894925e+01
-1.023261663354696260e+00,1.577517906018365501e+00
6.507582462446541705e+00,7.806520662142933276e+00
1.006864839311008986e+01,9.366767264468002452e+00
8.413447944169899273e+00,1.161002040038180638e+01
4.208440723877446388e+00,4.354310404192638373e+00
1.366231862450536383e+01,5.610324401037024344e+00
6.501033323203693648e+00,1.285436584989760433e+01
1.126930541857448631e+01,1.110575226775864621e+01
8.005993438870848689e-01,8.867781147243294915e-02
1.410889840610563084e+01,1.124479825054463689e+01
-1.820196693236724839e+00,-6.054221253839072725e-01
9.706369166731616538e-01,-3.309580394120422930e+00
-6.003108545758497172e+00,-1.351742692761208842e+00
3.034312037713955967e-01,2.163251818399565707e+00
-1.064251643426523941e+01,8.459539967878328071e+00
1.584341214190766678e+00,-6.544689839561831368e-01
-6.602656236848508442e+00,4.018225720081974650e+00
1.821949984496777475e+00,-3.447833916417824884e+00
5.453283642582448465e+00,5.817894115524051557e+00
3.005428653340430856e+00,-6.954352703975347438e+00
-1.030199375921123917e+01,7.556813193659845496e+00
9.838928736456722390e+00,5.757647697180989788e+00
1.197116544789165538e+01,9.438905386588746893e+00
-9.300798182192856700e+00,5.586433392249842811e+00
6.265575801470473216e+00,8.591176152619951267e+00
7.110798118104791343e-02,-4.553922762278550529e-01
-1.517977393768410188e+01,1.991458178982282945e+00
-1.310961834677198112e+01,1.094507496867382201e+01
-2.981896769390969482e+00,8.343971982578779034e+00
2.801659256007106968e+00,-7.148027316191805092e-01
-8.590576137488410424e+00,5.995580970547466748e+00
8.573676722825608110e+00,1.475864395443987753e+01
-6.710599474078639659e+00,1.258551681558510182e+01
-6.756097517408107933e+00,1.155416622792550108e+01
3.878823097379358487e+00,1.399591633113144873e+01
6.484762343379121496e+00,2.860770264412872521e+00
-1.394776750893810302e+01,1.294034164774259921e+01
-4.652176351600416204e+00,-5.880262974571463630e+00
-4.708317282662608960e+00,-2.842016370248693136e+00
8.814060484391232464e+00,5.341778558463489368e+00
1.000678591161026887e+01,5.965187716152388298e+00
-1.025660024494959011e+01,6.358880250897575692e+00
-2.448112970774179775e+00,-9.014607484177421526e-01
7.848943120442946508e+00,6.595307162469483231e+00
-1.129228433486579064e+01,1.012260067044229572e+01
1.639057621854961155e+01,1.072107354375515165e+01
-1.729648857055670419e+01,1.255399567431254582e+01
-1.376692373213159115e+01,9.351506305946770681e+00
-1.032537092380631449e+01,1.146599633271994989e+01
-1.233553335969963527e+01,1.300311154748189679e+01
-1.342358903128035053e+01,1.170580009899534346e+01
-2.051004953213058979e+00,1.016860387915203556e-01
9.480578217919216399e+00,1.260493711095546665e+01
1.317367038293685511e+01,6.300361390502378534e+00
-1.053256031559936545e+01,1.352958644965160317e+01
-1.009865780588580453e+00,-1.137348600483664152e+00
1.108561293621608534e+01,7.825508543717024423e+00
-9.310135085177865477e+00,1.224236978807680742e+01
6.452339836747626123e+00,1.275420251419074891e+00
-3.931864446273116709e+00,-3.546264568337127443e+00
1.015153107737802074e+01,7.592460774038993776e+00
3.287085540186553412e-01,-2.282971058507529794e+00
1.324966411111201836e+00,1.165283756203715448e+01
-1.238233644219339169e+01,8.465626450120375068e+00
8.212483360217603945e+00,8.588627815586372449e+00
7.335702195408406290e+00,1.349658809299703144e+01
-1.314938362720908671e+01,5.782272357318490208e+00
1.119433425488909783e+01,8.058089314494083055e+00
-2.366719873885595682e+00,-2.799344712446641403e-01
-2.548623531349196725e+00,7.316648852382432899e+00
-9.382822949176075511e+00,1.190483244199361224e+01
-4.060096552007258275e+00,-2.482545007879268795e+00
-2.502832368744904556e+00,-2.166694021629686606e+00
-7.089108470346052293e+00,1.594213641116192726e+01
-5.710747105116207312e-01,1.576152118953677794e+00
-8.882555700113336172e+00,8.680577195999848783e+00
1.030550288859682695e+00,-6.083582447615347277e+00
-1.624916333234195154e+00,2.381381290582856192e+00
6.299038863955553680e+00,1.201456443204459923e+01
7.806984781355011727e+00,1.101309695732215843e+01
-1.143235442267459945e+01,9.764919700544901104e+00
-1.308612247274406215e+01,9.212377143820020819e+00
-3.586079226585926705e+00,5.046136429464494810e+00
-9.607899145469554369e+00,8.056296666945032214e+00
-9.920366265956294116e-01,-3.932573737904530020e+00
-3.888680707297455186e+00,4.541195542564697707e-01
2.006925508654572532e+00,-1.797244203622794023e+00
1.755836809792045372e+01,9.949160601353401745e+00
-6.820097172842679356e+00,1.288057207365198309e+01
1.214929594216770958e+01,4.083838547472772973e+00
-2.841667340172765233e+00,-3.784728623117892710e+00
1.362586300375687109e+01,1.242585083937627566e+01
-1.431212297786537313e+01,5.124649421980440600e+00
8.554708652355344611e+00,1.004700294549372863e+01
-7.973841361125969307e+00,9.586575885773582328e+00
8.509743857459204364e+00,1.591485016196504887e+01
-8.092850270522950140e+00,8.052853807082023252e+00
-5.829218012602752630e+00,1.231988470079434173e+01
-7.972741770638775094e+00,9.662591286327517182e+00
-1.617145939958666290e+01,1.096350324773563756e+01
1.249118583514977487e+01,1.275568051577162088e+01
-1.159706540656940277e+01,7.630566447785685824e+00
6.058466716416093689e+00,9.641981905441896927e+00
-2.163504896698909441e+00,1.016831348441072969e+01
4.380840162152495054e+00,1.193277953085967447e+01
-1.585861421573702046e+01,1.480575932543580819e+01
1.429175406978380281e+01,9.159486692027382304e+00
-3.329444779111758179e-01,2.115675146167693477e+00
7.305892436016740099e+00,1.420757000115027679e+01
-4.000662393573549913e+00,1.488173214167533676e+00
1.391351166300207964e+01,9.859512754791657230e+00
1.398795056620360810e+01,1.442134811875035183e+01
2.049436323759739942e+00,-2.091553501360534195e+00
1.076359588359845709e+01,7.934643122525657510e+00
1.687266915991723515e+00,5.099318649851097618e+00
-1.340420832973808452e+01,1.105634917483573432e+01
-1.074348174290389757e+01,1.333543671074421866e+01
-7.621924706634869082e-03,-1.522743770025583032e+00
2.288938814703629365e+00,2.359888299965000158e+00
5.115837163403734067e+00,3.037422087597152931e+00
-7.708595792784940670e+00,8.694300285905764980e+00
-1.047624619146026603e+01,1.062056276461101945e+01
3.343985025796377464e+00,2.433963639064931517e+00
-4.348070983864511518e+00,-6.204932326666259712e+00
1.325209117146618709e+00,3.386630560340403662e+00
9.810261803341127518e+00,7.171898554727990316e+00
-8.943198997190289212e-01,-6.718905999041437094e-02
-1.005171638750933383e+01,1.592754199859301778e+01
-1.665899288296778025e+01,5.807600647287484819e+00
-8.566204924391235265e-01,-5.292701495178189219e+00
-9.966147723472635889e-01,4.021841382830501743e+00
-7.299881803627842558e+00,9.226175708866563241e+00
1.646364222465445337e+00,-1.845404939706156044e+00
1.164576414072705468e+01,9.354090702647287259e+00
5.147538104124057767e+00,-5.042848480910624431e+00
8.187440170311713672e+00,6.886364142487686024e+00
8.275097045010429753e+00,1.349149880706948323e+01
-7.169597326315894747e+00,-9.998219580298861597e-01
-4.876044784924441489e-01,1.787630819774105762e+00
8.445683507921916799e+00,4.959841079466555946e+00
5.209009337705390319e-01,-3.669764322621428931e+00
2.745370892528509188e+00,-2.527821419048657869e+00
-1.078177972108195171e+01,9.806215172178371020e+00
1.159337360176902898e+01,8.387652112817519878e+00
1.093770105536993320e+01,1.216930878970492458e+01
1.382790681894089957e+01,1.541869905255756379e+01
5.534861409031741175e+00,1.135302302508259764e+01
-1.122425966419336903e-02,8.159077947262252106e-01
9.930928667111219355e+00,7.108744520945151635e+00
1.149247560449819083e+01,1.438378850488108185e+01
-3.966442567772578087e+00,5.316774834922291859e+00
-1.196784982752072857e+01,1.238206524549546472e+01
-8.823716727345656707e+00,1.109729768745934564e+01
9.503753043010265245e+00,1.227222243412190927e+01
1.079418126265399991e+01,5.271126167634211157e+00
-2.576895216160124846e+00,-3.777393823959861674e+00
-2.692088763063036794e+00,4.329182904921571762e+00
1.062610503694283359e+01,9.253329919041229701e+00
1.268540153647595936e+01,1.266975863791965651e+01
2.986429386825412813e+00,2.020789445276808038e+00
-1.252489454499667332e+01,6.434285728896540490e+00
-1.401048402792330094e+01,9.572189988664172589e+00
8.966535920480195543e+00,1.142030072893215831e+01
-9.997252206909923444e+00,1.087321437547747749e+01
7.528314246602148430e+00,1.250924207236922214e+01
-1.038667944332631699e+01,1.106985526102201334e+01
-1.328914808315207097e+01,5.387462235554008494e+00
-9.659718222349470196e+00,3.626806867413569613e+00
3.340823474241925162e+00,1.819077984647908819e+00
1.417539706152427748e+01,9.326482020318207944e+00
2.558412722848556697e+00,-7.063071841207007040e+00
-4.224215562706378435e+00,3.620080247003862439e+00
-1.263143169472996341e+01,7.645192038444559302e+00
-7.761160314946919492e+00,1.131595534738218234e+01
7.441470025342642458e+00,9.745559684583993132e+00
-1.102644348351498271e+00,-3.412379072175081518e+00
-9.092271712181508647e+00,1.067948517491975480e+01
-7.156294787680397285e+00,3.748256427458425577e+00
1.378186372202775978e+01,7.857158056137379276e+00
-6.044424439965506934e+00,5.612681923453301636e+00
4.276463806188872674e+00,1.082779018780011526e+01
-1.261284468639195078e+00,-5.576030392691482263e-01
1.818586471360639223e+00,-6.761667015901436095e-02
-1.391008684394794948e+01,1.006610384164596184e+01
2.038842273888064938e+00,9.925684784318216103e-01
-1.077655108143406437e+01,9.445973845232495947e+00
8.679703647697024849e+00,1.191102019987017080e+01
1.514797574096028043e+01,1.279260601020017596e+01
-7.490445491103169040e+00,1.034073347783856356e+01
1.254641722957123307e+01,1.118765605792130913e+01
-7.883745159364877964e+00,1.475488024839706114e+01
1.300722870393946451e+01,7.190223045588329143e+00
-9.476983339718072941e+00,6.696285511672195767e+00
1.074474475704063003e+01,1.309795326940719740e+01
-9.948513726494510045e-01,-4.897158841848652244e+00
5.764916072662638058e+00,1.494584446569638558e+01
-5.292940927795950046e+00,1.699511775489181753e+00
9.774263784630850438e+00,1.083115292962577669e+01
4.567171405128547690e+00,3.926453095428887430e+00
-3.745510819265875035e+00,-1.059577844262973523e+00
-1.191939680854313233e+00,-1.129837326897207506e+00
-8.741428928379580299e+00,6.975650811480933911e+00
9.554578457577500572e+00,9.423464602732890327e+00
4.572272550227264531e+00,1.353878462655999115e+01
6.914548246303363399e+00,1.411649584083507314e+01
-4.684784308004513953e+00,6.276414799557125335e+00
1.096808625439513296e+00,2.086847204167282310e+00
6.771924803952387606e+00,1.120282734736497687e+01
1.831517831097673632e+00,-2.518614608285376200e+00
-1.340219242609773254e+01,7.297928267033358729e+00
1.658245378984879537e+01,1.311193784680483887e+01
-1.429368402403777871e+01,1.108592515494003194e+01
1.221756428138166228e+01,7.344320501671161239e+00
-1.072212481585188293e+01,6.610674812288219293e+00
-9.362652588283514987e+00,8.322473034271389736e+00
9.518974727407199410e+00,4.624668974723131321e+00
-1.336837625915078931e+01,1.305942193076107927e+01
-3.359526560499036307e+00,1.312072625810898785e+00
7.942859483119607766e+00,1.052803274842877634e+01
5.164638024718275489e+00,-1.026289661872705761e+00
6.506888170435285446e+00,6.358750043349560066e+00
-2.840234994566549487e-01,7.013506226546885713e+00
4.410343829729384879e+00,1.417807021959024194e+00
8.576827797501541895e+00,1.447567101784743571e+01
7.727681596140694609e+00,1.259675306355289770e+01
-4.994570607050893840e-01,1.194674611492809957e+00
-5.280169098494007229e-02,-3.742048926701182054e+00
8.716330380466041916e+00,1.009053958990716460e+01
-1.142511904855131455e+01,1.250488252950402313e+01
-7.917124188861841549e-01,-1.756824522074017736e+00
-8.925226769822554029e-01,-1.001956768801258058e+00
-6.055215672941470784e-01,3.136113832062374485e+00
4.107960625237645491e-01,-5.150234561684778001e+00
1.418465804920534978e+01,1.054984372788063141e+01
-1.352982591515649702e+01,1.080867549561504504e+01
-3.199783125710554899e+00,1.380216689321123091e+01
5.259479930773523826e+00,4.406718902567801521e+00
9.112716118657551156e-01,-7.511903802011272724e-01
9.217860748892638512e+00,1.142265160819468939e+01
-1.332046661172679158e+01,5.700540414346757068e+00
-8.406055981514604980e+00,1.340370361157170898e+01
1.002944122987497444e+01,5.613175071393102122e+00
-4.262239450625168402e+00,1.216283132297480696e-01
-1.184253402676024081e+01,7.988188019002885554e+00
-8.486729266861555487e+00,1.243808963585564697e+01
8.021071600265807788e-01,2.400932481356333525e+00
1.179080669184526187e+01,1.301291369030304423e+01
8.439035974257977912e+00,1.345823585513156218e+01
1.125635850669511129e+01,1.234967049646983561e+01
8.695328721971861796e+00,1.224770266186327561e+01
1.397568485406308980e+01,1.180159276364266319e+01
-9.791734990592056320e+00,8.585960875615409549e+00
1.240449937092531707e+00,-2.525935366262464399e+00
-1.836541851020802696e+00,-2.210526338288229642e+00
